lot_id,sale_date,sale_location,brand,model,leather,hardware,size_cm,year,condition,low_estimate,high_estimate,hammer_price,buyer_region
HB-1001,2021-10-13 04:19:22.747186688,New York,Hermès,Kelly,Niloticus crocodile,Permabrass,35,2019,Excellent,14900,27700,,US
HB-1002,2026-03-25 13:32:19.595694592,Hong Kong,Hermès,Birkin Sellier,Epsom,GHW,35,2018,Excellent,21900,43100,41100.0,US
HB-1003,2024-04-16 23:12:13.884838144,Hong Kong,Hermès,Birkin,Porosus crocodile,PHW,25,2019,Excellent,7800,13900,13800.0,Asia
HB-1004,2024-04-02 14:58:54.855755776,Hong Kong,Hermès,Birkin,Ostrich,GHW,28,2017,Very Good,10600,19900,12300.0,US
HB-1005,2026-04-05 02:45:10.093396992,New York,Hermès,Mini Kelly,Togo,GHW,32,2024,Good,3300,6800,3800.0,Asia
HB-1006,2021-06-22 02:26:39.408732416,Hong Kong,Hermès,Birkin Sellier,Himalaya Niloticus,GHW,35,2018,Good,11600,21400,23300.0,Europe
HB-1007,2026-03-12 09:05:22.867062272,New York,Hermès,Mini Kelly,Niloticus crocodile,GHW,25,2023,Excellent,5600,11300,10900.0,US
HB-1008,2022-02-02 00:13:47.987975680,New York,Hermès,Birkin,Niloticus crocodile,GHW,30,2018,Excellent,11200,22100,25100.0,Asia
HB-1009,2024-04-27 11:55:53.408500736,New York,Hermès,Kelly,Togo,GHW,32,2018,Excellent,4200,6900,7000.0,US
HB-1010,2023-03-29 11:34:58.202045696,New York,Hermès,Birkin,Epsom,PHW,25,2020,Excellent,13500,24300,18100.0,Asia
HB-1011,2023-01-18 04:05:07.787897344,New York,Hermès,Birkin,Clemence,GHW,30,2016,Excellent,17600,34000,,Europe
HB-1012,2025-12-18 04:47:18.287897344,Hong Kong,Hermès,Birkin,Himalaya Niloticus,PHW,35,2016,Very Good,6500,13500,18600.0,Asia
HB-1013,2021-10-18 09:31:54.584665344,Hong Kong,Hermès,Birkin,Ostrich,GHW,32,2018,Excellent,5400,9700,,Europe
HB-1014,2026-04-25 07:06:39.935897600,Hong Kong,Hermès,Mini Kelly,Porosus crocodile,Permabrass,28,2022,Excellent,3100,5000,5500.0,US
HB-1015,2023-01-08 18:39:24.671590912,New York,Hermès,Birkin,Epsom,PHW,35,2015,Excellent,8600,16100,,Asia
HB-1016,2024-06-16 12:22:59.200359680,Hong Kong,Hermès,Kelly,Clemence,GHW,30,2018,Excellent,7300,12100,9300.0,Asia
HB-1017,2026-02-27 13:06:57.553915904,Hong Kong,Hermès,Birkin Sellier,Chèvre,PHW,35,2021,Pristine,4300,8400,10300.0,Asia
HB-1018,2021-04-23 02:11:58.044838656,New York,Hermès,Birkin Sellier,Togo,GHW,30,2021,Pristine,12800,23700,34400.0,Other
HB-1019,2025-12-01 21:27:25.941809152,Hong Kong,Hermès,Kelly,Porosus crocodile,PHW,32,2018,Very Good,7800,15200,9200.0,US
HB-1020,2024-01-10 23:03:46.589721344,Hong Kong,Hermès,Birkin,Ostrich,Permabrass,30,2014,Excellent,5500,11200,9800.0,Europe
HB-1021,2024-10-02 18:09:06.608746496,New York,Hermès,Mini Kelly,Niloticus crocodile,PHW,30,2014,Excellent,7400,14000,21200.0,Europe
HB-1022,2021-10-18 07:29:53.247220736,New York,Hermès,Kelly Sellier,Clemence,Diamond,35,2019,Excellent,18000,34100,54200.0,Asia
HB-1023,2023-11-04 23:19:35.650317056,Hong Kong,Hermès,Kelly,Himalaya Niloticus,GHW,28,2022,Very Good,13900,27300,39400.0,Asia
HB-1024,2024-08-03 15:47:04.317100032,New York,Hermès,Birkin Sellier,Lizard,GHW,25,2014,Excellent,9300,18700,16200.0,Asia
HB-1025,2023-06-07 20:34:27.279243520,New York,Hermès,Birkin,Niloticus crocodile,GHW,30,2023,Very Good,14100,28400,28400.0,US
HB-1026,2021-10-29 14:25:39.929754880,New York,Hermès,Mini Kelly,Togo,GHW,35,2021,Good,5300,8500,4800.0,Europe
HB-1027,2022-04-21 01:20:14.218068480,Geneva,Hermès,Birkin,Epsom,Permabrass,35,2014,Excellent,10200,19000,10900.0,Asia
HB-1028,2025-07-21 15:33:39.278017280,New York,Hermès,Birkin,Togo,PHW,40,2017,Very Good,10800,18500,23400.0,Europe
HB-1029,2021-03-09 01:55:59.697340928,New York,Hermès,Birkin,Togo,GHW,30,2016,Pristine,7700,15500,14100.0,Asia
HB-1030,2024-10-11 10:41:40.241399040,New York,Hermès,Kelly Sellier,Ostrich,PHW,30,2024,Good,12700,24300,16400.0,Asia
HB-1031,2026-04-29 19:30:44.155347968,Geneva,Hermès,Kelly,Niloticus crocodile,GHW,28,2020,Excellent,6500,11700,9600.0,Asia
HB-1032,2021-01-15 13:29:09.060613632,Hong Kong,Hermès,Kelly Sellier,Himalaya Niloticus,PHW,32,2017,Good,13200,22400,22800.0,Asia
HB-1033,2021-11-10 09:28:39.253520896,Geneva,Hermès,Kelly Sellier,Clemence,GHW,40,2017,Excellent,13500,23900,28400.0,Europe
HB-1034,2024-08-04 21:14:07.544086528,New York,Hermès,Birkin,Clemence,GHW,35,2020,Pristine,2000,3900,3700.0,US
HB-1035,2021-04-27 17:48:42.978506752,New York,Hermès,Mini Kelly,Epsom,GHW,32,2014,Pristine,19200,32700,,Other
HB-1036,2024-02-22 17:33:05.061614592,Hong Kong,Hermès,Birkin Sellier,Togo,GHW,30,2016,Very Good,1900,3100,3300.0,Europe
HB-1037,2024-08-24 01:32:27.012176128,New York,Hermès,Kelly,Togo,GHW,35,2015,Excellent,7100,14400,13100.0,Europe
HB-1038,2024-02-19 12:47:13.352350208,Hong Kong,Hermès,Birkin,Epsom,GHW,30,2020,Pristine,17600,34600,37500.0,Asia
HB-1039,2022-12-12 15:35:10.931625216,Geneva,Hermès,Mini Kelly,Clemence,GHW,28,2021,Very Good,8400,14200,17400.0,Europe
HB-1040,2024-09-18 21:52:20.466336000,Hong Kong,Hermès,Birkin,Ostrich,GHW,30,2019,Very Good,4500,7800,5200.0,Asia
HB-1041,2024-03-02 11:55:37.077446912,Geneva,Hermès,Birkin,Epsom,Permabrass,25,2015,Excellent,5500,11300,10100.0,Europe
HB-1042,2022-02-09 01:29:11.347707904,Hong Kong,Hermès,Birkin Sellier,Porosus crocodile,PHW,28,2018,Excellent,17600,34100,46800.0,US
HB-1043,2024-01-01 20:40:56.739356160,New York,Hermès,Birkin,Niloticus crocodile,PHW,25,2023,Pristine,3500,6600,12000.0,Asia
HB-1044,2025-09-13 04:35:40.809323264,Hong Kong,Hermès,Birkin,Clemence,PHW,30,2016,Very Good,18600,32500,24200.0,Asia
HB-1045,2024-07-21 15:46:54.389592320,New York,Hermès,Kelly,Porosus crocodile,GHW,32,2015,Excellent,9700,16900,15400.0,Asia
HB-1046,2023-07-08 02:33:02.020760064,Hong Kong,Hermès,Birkin,Porosus crocodile,PHW,30,2015,Very Good,5200,8400,11500.0,Asia
HB-1047,2022-09-18 19:15:50.185493504,New York,Hermès,Mini Kelly,Epsom,GHW,30,2022,Excellent,7300,14100,14200.0,Europe
HB-1048,2021-06-17 03:13:46.292060672,New York,Hermès,Birkin,Clemence,GHW,40,2015,Excellent,5700,9300,10900.0,US
HB-1049,2022-04-22 01:03:56.190159616,Hong Kong,Hermès,Kelly,Ostrich,PHW,35,2020,Excellent,16100,25800,22000.0,Asia
HB-1050,2021-01-22 18:27:58.018210304,New York,Hermès,Birkin Sellier,Togo,Permabrass,30,2024,Pristine,15000,29200,32300.0,US
HB-1051,2026-04-04 23:22:36.667509504,New York,Hermès,Kelly,Togo,GHW,30,2021,Very Good,3900,8000,6900.0,Europe
HB-1052,2022-03-09 22:48:39.972314368,Hong Kong,Hermès,Kelly,Togo,PHW,35,2018,Excellent,8000,15700,13700.0,Europe
HB-1053,2025-05-05 17:57:57.697839616,New York,Hermès,Birkin Sellier,Niloticus crocodile,PHW,28,2016,Excellent,6200,11400,14000.0,Asia
HB-1054,2021-11-25 04:23:26.015351040,Hong Kong,Hermès,Mini Kelly,Ostrich,PHW,30,2014,Good,20400,37300,26200.0,Asia
HB-1055,2022-07-06 21:18:29.128243456,New York,Hermès,Birkin,Niloticus crocodile,PHW,35,2015,Good,4800,8600,6600.0,Europe
HB-1056,2023-03-25 23:13:26.102070016,New York,Hermès,Birkin,Niloticus crocodile,PHW,30,2024,Very Good,24200,42400,52500.0,Europe
HB-1057,2022-09-24 07:02:31.697050368,New York,Hermès,Kelly,Epsom,Permabrass,35,2015,Pristine,9800,18200,30700.0,Asia
HB-1058,2025-04-03 14:10:34.892891648,Hong Kong,Hermès,Kelly Sellier,Chèvre,PHW,32,2014,Excellent,5300,9500,7300.0,Asia
HB-1059,2026-02-07 16:06:46.540628480,Geneva,Hermès,Birkin,Togo,PHW,32,2022,Very Good,6900,13000,11900.0,Europe
HB-1060,2025-08-31 07:45:12.831945216,New York,Hermès,Birkin Sellier,Togo,GHW,30,2018,Excellent,6400,13100,11300.0,US
HB-1061,2021-10-26 20:42:02.512540928,Geneva,Hermès,Kelly Sellier,Ostrich,GHW,28,2017,Pristine,5000,10300,11900.0,Europe
HB-1062,2025-02-20 10:28:04.584782080,Hong Kong,Hermès,Kelly,Epsom,Permabrass,30,2021,Very Good,10500,17300,14600.0,Asia
HB-1063,2021-10-15 21:42:45.500339712,Hong Kong,Hermès,Mini Kelly,Chèvre,GHW,28,2019,Excellent,5100,9100,9900.0,Europe
HB-1064,2025-11-13 10:33:04.323154944,Hong Kong,Hermès,Kelly,Niloticus crocodile,GHW,35,2024,Excellent,3000,5100,6900.0,US
HB-1065,2023-10-05 19:00:03.592891136,Hong Kong,Hermès,Kelly,Ostrich,PHW,30,2019,Good,8100,14400,9600.0,US
HB-1066,2022-10-17 14:20:32.411761664,Hong Kong,Hermès,Birkin,Chèvre,Diamond,32,2021,Very Good,3700,6400,10400.0,Other
HB-1067,2021-11-02 13:43:07.778985984,Hong Kong,Hermès,Mini Kelly,Chèvre,GHW,35,2023,Excellent,6600,11100,7200.0,Europe
HB-1068,2021-01-23 23:31:53.955524096,Hong Kong,Hermès,Birkin,Clemence,Diamond,35,2019,Excellent,6100,11900,23000.0,Europe
HB-1069,2022-04-28 12:06:58.674707968,New York,Hermès,Kelly,Togo,PHW,30,2017,Excellent,6200,11400,11600.0,Other
HB-1070,2025-11-14 16:23:34.927765504,New York,Hermès,Birkin Sellier,Epsom,Permabrass,30,2024,Pristine,30100,61400,82900.0,Asia
HB-1071,2025-04-01 11:20:00.340375552,Hong Kong,Hermès,Kelly,Togo,GHW,40,2016,Very Good,10300,16700,13400.0,US
HB-1072,2026-03-03 05:14:43.176442624,New York,Hermès,Kelly,Epsom,PHW,32,2014,Very Good,11400,18700,13400.0,US
HB-1073,2021-07-16 01:57:57.896829440,New York,Hermès,Kelly,Porosus crocodile,GHW,35,2020,Excellent,3800,6800,6900.0,Asia
HB-1074,2024-02-27 09:06:57.732079616,New York,Hermès,Mini Kelly,Clemence,GHW,35,2024,Excellent,7000,11400,11700.0,US
HB-1075,2022-05-16 09:57:20.660880128,New York,Hermès,Birkin Sellier,Togo,PHW,35,2014,Very Good,11300,19400,20500.0,Europe
HB-1076,2023-11-23 13:32:57.935020288,Hong Kong,Hermès,Kelly,Clemence,GHW,28,2023,Pristine,5700,11800,14500.0,US
HB-1077,2022-09-16 14:31:29.911280128,Hong Kong,Hermès,Birkin,Clemence,GHW,32,2023,Excellent,16500,28000,19000.0,US
HB-1078,2022-07-06 14:58:30.210836736,New York,Hermès,Birkin Sellier,Ostrich,PHW,28,2024,Excellent,5200,8700,10000.0,US
HB-1079,2024-01-22 16:52:15.548724480,New York,Hermès,Birkin Sellier,Chèvre,GHW,32,2018,Very Good,8500,16000,14300.0,US
HB-1080,2021-12-23 17:41:29.155037952,New York,Hermès,Birkin,Niloticus crocodile,PHW,40,2016,Pristine,7200,13300,20300.0,US
HB-1081,2023-07-02 22:24:28.945244672,New York,Hermès,Birkin,Ostrich,PHW,30,2019,Very Good,10900,20600,13100.0,Asia
HB-1082,2024-06-20 11:32:09.695819776,Hong Kong,Hermès,Kelly,Epsom,Permabrass,30,2015,Excellent,7000,12500,11900.0,Asia
HB-1083,2021-09-07 10:36:55.965346816,Hong Kong,Hermès,Kelly,Porosus crocodile,GHW,25,2023,Very Good,8600,17200,10500.0,Asia
HB-1084,2025-12-16 22:28:29.377325824,Hong Kong,Hermès,Kelly,Togo,PHW,40,2021,Pristine,8800,14600,21700.0,Europe
HB-1085,2023-09-12 03:21:58.907899648,Hong Kong,Hermès,Birkin,Togo,Diamond,28,2019,Excellent,6700,12100,13200.0,Asia
HB-1086,2025-05-14 19:14:03.835990784,Geneva,Hermès,Birkin,Togo,Permabrass,25,2019,Excellent,13100,25200,24600.0,Asia
HB-1087,2024-06-26 11:59:57.234214144,Hong Kong,Hermès,Birkin,Niloticus crocodile,PHW,28,2021,Excellent,11400,23000,24900.0,Asia
HB-1088,2024-10-13 15:53:02.251887872,Hong Kong,Hermès,Kelly Sellier,Epsom,GHW,25,2019,Pristine,9500,16900,26100.0,US
HB-1089,2024-10-25 14:10:46.085266176,Hong Kong,Hermès,Kelly Sellier,Togo,PHW,30,2023,Pristine,7900,14800,18700.0,Asia
HB-1090,2025-08-30 22:39:56.132492544,New York,Hermès,Birkin,Epsom,Diamond,30,2024,Excellent,15500,25300,32800.0,Other
HB-1091,2024-04-09 01:49:41.658353664,Geneva,Hermès,Kelly,Togo,GHW,30,2024,Pristine,8800,14800,15000.0,Asia
HB-1092,2022-06-26 09:51:13.874384896,New York,Hermès,Birkin,Ostrich,GHW,25,2020,Good,8400,13800,11900.0,US
HB-1093,2021-07-13 15:29:54.097398016,New York,Hermès,Birkin,Epsom,PHW,28,2022,Excellent,10600,20600,20200.0,Asia
HB-1094,2024-03-25 18:19:44.150877952,Geneva,Hermès,Birkin,Epsom,Permabrass,30,2017,Very Good,25400,44200,35200.0,Europe
HB-1095,2021-05-10 02:56:28.850284288,Hong Kong,Hermès,Birkin,Clemence,PHW,25,2014,Good,4800,9300,6800.0,Asia
HB-1096,2022-04-15 13:22:09.723748096,New York,Hermès,Kelly,Ostrich,PHW,32,2018,Pristine,15300,24900,18900.0,Asia
HB-1097,2021-04-29 03:16:06.058731776,New York,Hermès,Mini Kelly,Clemence,PHW,28,2023,Very Good,3500,7100,6900.0,Europe
HB-1098,2023-12-05 03:14:45.445065728,New York,Hermès,Birkin,Togo,GHW,30,2015,Very Good,11300,22600,,Asia
HB-1099,2021-11-09 00:25:54.434394112,Hong Kong,Hermès,Kelly,Togo,PHW,30,2020,Very Good,23800,39100,41400.0,Asia
HB-1100,2024-04-02 20:27:48.408555264,New York,Hermès,Kelly,Himalaya Niloticus,Permabrass,30,2016,Excellent,13100,21100,33900.0,US
HB-1101,2025-03-20 00:33:54.258617088,Geneva,Hermès,Mini Kelly,Lizard,GHW,25,2018,Excellent,11000,17900,27900.0,US
HB-1102,2025-05-19 09:07:01.858544640,Geneva,Hermès,Kelly,Ostrich,PHW,28,2015,Pristine,7300,14800,11500.0,Other
HB-1103,2022-08-26 08:55:12.014615040,Hong Kong,Hermès,Birkin,Clemence,PHW,35,2022,Excellent,10200,17400,17400.0,Asia
HB-1104,2023-12-05 06:22:20.981869568,Hong Kong,Hermès,Kelly,Himalaya Niloticus,PHW,25,2022,Good,8700,16200,27000.0,Asia
HB-1105,2024-01-01 14:51:16.340663808,New York,Hermès,Birkin,Niloticus crocodile,GHW,30,2022,Good,6500,11700,12200.0,Asia
HB-1106,2023-07-10 05:43:22.639181568,New York,Hermès,Mini Kelly,Niloticus crocodile,GHW,30,2021,Pristine,8500,16900,20200.0,US
HB-1107,2024-06-28 20:26:21.066368000,Hong Kong,Hermès,Birkin,Epsom,PHW,30,2016,Very Good,11200,20500,18800.0,Europe
HB-1108,2022-02-13 19:54:32.511795456,New York,Hermès,Kelly,Clemence,GHW,30,2019,Excellent,6600,12100,11200.0,US
HB-1109,2026-03-21 14:34:34.541981952,New York,Hermès,Birkin,Togo,PHW,35,2015,Good,6400,13300,9700.0,Europe
HB-1110,2021-07-10 20:43:12.880037632,New York,Hermès,Birkin Sellier,Lizard,GHW,35,2018,Pristine,4700,7900,8100.0,Asia
HB-1111,2025-06-02 15:56:39.043501824,New York,Hermès,Kelly Sellier,Epsom,Permabrass,30,2019,Good,12400,24800,17600.0,US
HB-1112,2024-03-02 02:39:32.308445696,New York,Hermès,Kelly,Togo,GHW,30,2021,Very Good,13500,21900,14500.0,US
HB-1113,2022-04-22 11:41:46.006567168,Hong Kong,Hermès,Birkin Sellier,Clemence,GHW,28,2015,Pristine,11400,20800,25400.0,Europe
HB-1114,2024-12-22 02:00:18.831019008,Hong Kong,Hermès,Mini Kelly,Chèvre,GHW,30,2022,Pristine,17000,34400,42000.0,US
HB-1115,2021-06-14 09:35:44.706127104,Hong Kong,Hermès,Kelly Sellier,Togo,PHW,32,2019,Very Good,10500,20100,18500.0,US
HB-1116,2025-02-16 00:24:37.944345600,Hong Kong,Hermès,Birkin,Porosus crocodile,PHW,28,2023,Pristine,12400,23900,21900.0,Europe
HB-1117,2024-02-23 02:40:11.350695680,New York,Hermès,Kelly,Niloticus crocodile,PHW,30,2019,Excellent,11800,20400,28400.0,Asia
HB-1118,2021-08-04 12:28:58.333388032,Hong Kong,Hermès,Birkin Sellier,Niloticus crocodile,GHW,35,2020,Good,9500,17100,16300.0,Asia
HB-1119,2021-06-04 17:13:40.147197696,Hong Kong,Hermès,Kelly,Epsom,GHW,25,2021,Excellent,7500,13300,10600.0,US
HB-1120,2025-01-01 03:03:36.420539648,New York,Hermès,Birkin,Ostrich,GHW,30,2023,Excellent,33800,62500,50600.0,Europe
HB-1121,2022-07-25 01:16:42.878478848,Geneva,Hermès,Birkin,Chèvre,Permabrass,35,2015,Excellent,7800,14200,10100.0,US
HB-1122,2025-09-27 13:57:13.097635072,New York,Hermès,Mini Kelly,Ostrich,PHW,28,2019,Pristine,6900,12200,10900.0,US
HB-1123,2025-01-22 23:51:30.147096064,New York,Hermès,Mini Kelly,Togo,GHW,25,2014,Good,12700,22200,15500.0,Asia
HB-1124,2024-09-20 16:16:37.881466368,New York,Hermès,Kelly Sellier,Epsom,PHW,28,2019,Excellent,11500,19800,25600.0,US
HB-1125,2022-06-27 04:01:01.495893760,New York,Hermès,Mini Kelly,Togo,PHW,35,2022,Pristine,4600,8200,8900.0,Asia
HB-1126,2024-10-11 14:32:41.338988288,New York,Hermès,Kelly,Epsom,GHW,25,2023,Excellent,18500,31000,32300.0,US
HB-1127,2026-01-20 02:17:22.047290880,Hong Kong,Hermès,Kelly Sellier,Clemence,Diamond,28,2017,Good,9500,19200,20200.0,US
HB-1128,2021-06-28 04:12:37.815994880,Geneva,Hermès,Kelly Sellier,Togo,GHW,25,2018,Pristine,5400,10300,,Asia
HB-1129,2022-09-27 17:06:00.115684352,New York,Hermès,Birkin Sellier,Togo,PHW,28,2020,Very Good,19200,32000,31100.0,Europe
HB-1130,2022-04-02 16:08:00.550025728,Hong Kong,Hermès,Birkin Sellier,Chèvre,GHW,32,2018,Very Good,14100,27300,28100.0,US
HB-1131,2023-02-05 06:21:15.397375488,New York,Hermès,Birkin,Togo,PHW,28,2015,Very Good,5000,10000,7800.0,US
HB-1132,2024-12-15 13:54:15.524275456,Hong Kong,Hermès,Kelly,Himalaya Niloticus,Permabrass,32,2017,Good,26600,45600,36700.0,Europe
HB-1133,2023-07-12 21:01:31.882408448,New York,Hermès,Birkin,Chèvre,GHW,32,2018,Very Good,14400,24000,16100.0,Europe
HB-1134,2024-01-16 15:24:08.021664000,New York,Hermès,Birkin,Clemence,PHW,35,2019,Good,9900,16000,11200.0,Asia
HB-1135,2022-09-04 08:17:23.614119168,Hong Kong,Hermès,Kelly,Chèvre,PHW,25,2024,Pristine,24000,38900,38200.0,US
HB-1136,2021-10-02 22:46:26.148129280,Hong Kong,Hermès,Birkin Sellier,Togo,PHW,35,2019,Very Good,10900,21500,22200.0,Asia
HB-1137,2022-06-04 10:52:08.903955712,Hong Kong,Hermès,Birkin,Himalaya Niloticus,Diamond,32,2018,Excellent,9800,20400,41300.0,US
HB-1138,2025-07-31 22:30:31.641140736,Hong Kong,Hermès,Kelly Sellier,Epsom,GHW,28,2021,Excellent,7000,11300,17500.0,US
HB-1139,2024-03-18 07:16:54.481486336,Hong Kong,Hermès,Kelly Sellier,Niloticus crocodile,GHW,35,2022,Very Good,13800,27000,22300.0,Asia
HB-1140,2023-01-06 13:34:58.774812928,New York,Hermès,Birkin,Togo,GHW,35,2018,Good,13000,21200,15700.0,Asia
HB-1141,2025-03-18 03:46:08.295524096,New York,Hermès,Birkin,Epsom,GHW,30,2019,Very Good,10100,19000,12900.0,Asia
HB-1142,2021-05-06 10:25:11.731346688,New York,Hermès,Birkin,Epsom,PHW,35,2016,Excellent,6500,12700,10500.0,Asia
HB-1143,2022-05-10 01:43:45.733177600,New York,Hermès,Kelly Sellier,Himalaya Niloticus,Permabrass,30,2023,Excellent,10700,19000,34200.0,US
HB-1144,2022-03-24 18:44:15.745538304,New York,Hermès,Kelly Sellier,Chèvre,PHW,32,2023,Excellent,9600,15400,11100.0,Asia
HB-1145,2026-04-02 12:27:59.441416704,Hong Kong,Hermès,Birkin,Epsom,GHW,40,2015,Excellent,4800,9100,9500.0,Europe
HB-1146,2024-10-06 01:37:41.491457280,New York,Hermès,Kelly Sellier,Clemence,GHW,30,2017,Excellent,4500,9200,13400.0,Europe
HB-1147,2024-04-17 05:04:27.743127808,Hong Kong,Hermès,Birkin,Clemence,GHW,35,2016,Pristine,13600,23500,24800.0,Asia
HB-1148,2021-01-10 16:49:04.148806912,Hong Kong,Hermès,Birkin,Chèvre,Permabrass,30,2024,Pristine,2400,4000,4900.0,Asia
HB-1149,2021-12-25 16:00:51.615376896,Hong Kong,Hermès,Mini Kelly,Epsom,PHW,35,2014,Very Good,11200,18600,,US
HB-1150,2024-05-21 18:19:13.969252608,Hong Kong,Hermès,Birkin,Togo,GHW,32,2016,Excellent,7700,14300,12300.0,US
HB-1151,2023-01-09 22:24:41.126398976,New York,Hermès,Birkin,Porosus crocodile,PHW,28,2017,Good,20500,38700,26900.0,Asia
HB-1152,2025-12-04 15:35:27.741648640,New York,Hermès,Birkin Sellier,Lizard,GHW,30,2020,Very Good,7600,15100,8800.0,US
HB-1153,2025-01-28 03:40:47.750867968,Hong Kong,Hermès,Kelly,Togo,PHW,30,2016,Pristine,14400,28200,35000.0,Asia
HB-1154,2023-05-21 14:37:32.650477056,Hong Kong,Hermès,Mini Kelly,Chèvre,PHW,25,2019,Pristine,8000,16300,19600.0,Asia
HB-1155,2024-12-29 13:20:51.039410688,New York,Hermès,Mini Kelly,Togo,PHW,25,2022,Excellent,10600,21200,18400.0,US
HB-1156,2026-03-14 03:17:00.743927552,New York,Hermès,Birkin,Ostrich,PHW,30,2023,Good,15000,25800,18000.0,US
HB-1157,2023-06-17 01:38:54.372686848,Hong Kong,Hermès,Birkin,Clemence,PHW,25,2015,Excellent,7800,14500,13700.0,Asia
HB-1158,2024-06-04 08:31:44.644605952,Hong Kong,Hermès,Kelly Sellier,Ostrich,GHW,28,2015,Excellent,17300,30100,25500.0,Other
HB-1159,2025-11-23 17:18:43.854561792,New York,Hermès,Birkin,Niloticus crocodile,GHW,35,2015,Good,5800,10200,9500.0,Asia
HB-1160,2022-04-29 22:06:05.096654848,New York,Hermès,Kelly Sellier,Niloticus crocodile,PHW,35,2024,Good,11800,24100,17600.0,Asia
HB-1161,2025-09-22 05:48:02.879531520,Geneva,Hermès,Kelly,Togo,PHW,35,2021,Excellent,16600,32000,,US
HB-1162,2021-07-09 19:43:40.746451456,New York,Hermès,Birkin,Lizard,PHW,30,2019,Pristine,14400,29700,24800.0,Asia
HB-1163,2024-06-15 21:07:24.092851712,Geneva,Hermès,Kelly Sellier,Clemence,GHW,35,2022,Pristine,28700,51600,57600.0,US
HB-1164,2025-03-04 09:40:23.497411328,New York,Hermès,Birkin,Togo,PHW,32,2020,Pristine,6600,12200,19000.0,Asia
HB-1165,2024-04-11 00:34:07.910275072,Hong Kong,Hermès,Birkin Sellier,Chèvre,PHW,28,2016,Pristine,4700,8600,12900.0,Europe
HB-1166,2023-08-23 07:27:26.975305216,New York,Hermès,Kelly,Clemence,PHW,28,2019,Excellent,5800,9600,9500.0,Asia
HB-1167,2024-04-16 08:34:44.237745152,New York,Hermès,Kelly,Porosus crocodile,GHW,32,2021,Good,14400,24600,14900.0,US
HB-1168,2021-10-23 03:18:06.677406720,Geneva,Hermès,Kelly,Porosus crocodile,PHW,28,2014,Excellent,13200,24400,22400.0,US
HB-1169,2022-02-24 12:00:52.038945024,Hong Kong,Hermès,Kelly,Clemence,GHW,30,2020,Very Good,10600,17300,15800.0,US
HB-1170,2022-06-10 05:22:44.256493056,Geneva,Hermès,Mini Kelly,Himalaya Niloticus,GHW,40,2019,Excellent,5400,11000,19500.0,Asia
HB-1171,2024-03-09 06:41:10.769227008,New York,Hermès,Mini Kelly,Clemence,GHW,25,2014,Very Good,15200,25300,25100.0,Europe
HB-1172,2023-05-10 22:32:51.893483264,Geneva,Hermès,Kelly,Epsom,GHW,25,2016,Very Good,5100,8600,7400.0,US
HB-1173,2022-04-21 17:59:59.090851072,Geneva,Hermès,Birkin,Clemence,GHW,40,2018,Very Good,18900,37200,35400.0,Asia
HB-1174,2025-09-14 22:43:37.374529792,Hong Kong,Hermès,Kelly,Himalaya Niloticus,PHW,32,2017,Good,48100,79300,69700.0,Asia
HB-1175,2022-12-29 15:38:44.264596992,New York,Hermès,Mini Kelly,Togo,GHW,28,2017,Excellent,12200,24900,20600.0,US
HB-1176,2023-05-18 23:27:55.493686272,Hong Kong,Hermès,Birkin,Togo,GHW,35,2021,Pristine,13800,26900,34000.0,US
HB-1177,2023-03-09 06:40:44.684919296,Hong Kong,Hermès,Birkin Sellier,Epsom,PHW,35,2018,Excellent,7600,12500,10200.0,Asia
HB-1178,2021-12-21 01:27:49.619683584,Geneva,Hermès,Birkin Sellier,Himalaya Niloticus,GHW,30,2019,Excellent,3700,7100,11400.0,Asia
HB-1179,2024-11-24 17:54:29.263153152,New York,Hermès,Birkin,Lizard,PHW,32,2022,Good,7200,13700,7700.0,Asia
HB-1180,2023-05-23 16:47:40.851617024,New York,Hermès,Kelly,Niloticus crocodile,GHW,30,2015,Excellent,5500,10800,,Asia
HB-1181,2021-02-01 15:16:19.417546240,New York,Hermès,Birkin,Lizard,GHW,25,2017,Very Good,4500,9000,7100.0,Europe
HB-1182,2026-02-19 23:17:45.438043136,Hong Kong,Hermès,Kelly Sellier,Lizard,Permabrass,32,2014,Excellent,25800,50200,60600.0,Europe
HB-1183,2025-05-07 11:25:25.377427968,Geneva,Hermès,Kelly Sellier,Epsom,Permabrass,30,2024,Pristine,11600,21900,28200.0,Other
HB-1184,2024-11-09 01:06:57.864612864,New York,Hermès,Kelly Sellier,Clemence,GHW,32,2016,Excellent,12300,21600,17500.0,Europe
HB-1185,2025-08-19 06:04:00.194510592,Hong Kong,Hermès,Birkin Sellier,Niloticus crocodile,GHW,35,2023,Very Good,8400,16300,20200.0,Europe
HB-1186,2025-10-31 15:31:33.500616960,Geneva,Hermès,Birkin,Ostrich,GHW,25,2016,Very Good,9100,18700,13000.0,Europe
HB-1187,2022-10-19 18:07:09.289123840,New York,Hermès,Kelly,Clemence,PHW,32,2017,Excellent,17000,32000,26200.0,Asia
HB-1188,2024-04-03 22:12:50.820384512,New York,Hermès,Kelly Sellier,Togo,GHW,28,2020,Excellent,9800,18900,19900.0,Europe
HB-1189,2024-03-30 17:45:35.716097024,Hong Kong,Hermès,Birkin Sellier,Niloticus crocodile,GHW,35,2023,Very Good,13400,24200,24900.0,Europe
HB-1190,2022-06-05 03:57:49.435668480,Hong Kong,Hermès,Kelly Sellier,Clemence,PHW,30,2015,Pristine,9000,17600,27100.0,Asia
HB-1191,2022-03-08 22:03:28.625701888,New York,Hermès,Birkin,Himalaya Niloticus,PHW,32,2016,Good,8300,17200,16400.0,Asia
HB-1192,2021-08-10 15:55:27.944643328,Hong Kong,Hermès,Kelly Sellier,Clemence,GHW,32,2023,Pristine,4600,7700,8500.0,Asia
HB-1193,2024-07-07 00:36:36.741895168,Hong Kong,Hermès,Birkin,Togo,PHW,30,2017,Pristine,3400,5700,6200.0,Europe
HB-1194,2025-02-28 16:02:26.005565440,Geneva,Hermès,Birkin,Porosus crocodile,PHW,32,2016,Excellent,8700,16100,15000.0,Asia
HB-1195,2025-01-20 19:32:52.639303680,Geneva,Hermès,Kelly,Togo,PHW,35,2022,Excellent,10300,18900,,Europe
HB-1196,2022-09-08 11:19:30.777769472,Hong Kong,Hermès,Birkin,Togo,PHW,32,2015,Excellent,4900,9200,9500.0,Europe
HB-1197,2022-02-04 10:27:21.802056448,Hong Kong,Hermès,Birkin,Chèvre,PHW,35,2023,Excellent,9800,15900,22000.0,Other
HB-1198,2023-06-02 17:35:47.725960704,New York,Hermès,Birkin,Porosus crocodile,GHW,40,2023,Good,10300,18500,24400.0,US
HB-1199,2023-12-01 02:22:33.049462016,Hong Kong,Hermès,Birkin Sellier,Togo,PHW,30,2023,Excellent,3100,5700,5100.0,Asia
HB-1200,2025-11-24 13:02:42.808716288,New York,Hermès,Kelly Sellier,Clemence,GHW,30,2017,Excellent,6000,11400,12300.0,Europe
HB-1201,2025-08-30 09:44:26.149975552,Hong Kong,Hermès,Birkin,Niloticus crocodile,Permabrass,25,2015,Excellent,12500,24000,22500.0,Europe
HB-1202,2025-11-18 15:35:17.898434048,New York,Hermès,Kelly,Himalaya Niloticus,PHW,35,2018,Pristine,12400,24100,37500.0,Europe
HB-1203,2025-07-13 14:39:15.967406848,Hong Kong,Hermès,Kelly Sellier,Epsom,PHW,30,2017,Excellent,5300,10100,9400.0,Asia
HB-1204,2026-02-21 01:48:02.059176448,New York,Hermès,Birkin,Togo,GHW,30,2024,Excellent,10900,21600,,Asia
HB-1205,2023-06-25 20:42:42.724021248,New York,Hermès,Birkin,Togo,PHW,25,2020,Very Good,17500,33300,26200.0,US
HB-1206,2021-04-03 09:12:08.006814976,New York,Hermès,Kelly Sellier,Clemence,PHW,35,2024,Pristine,15300,28500,36300.0,Other
HB-1207,2021-06-12 14:40:52.138065152,Hong Kong,Hermès,Kelly Sellier,Togo,Diamond,30,2022,Good,9500,17900,17400.0,US
HB-1208,2023-01-30 11:27:24.931207936,Hong Kong,Hermès,Kelly,Ostrich,Diamond,32,2021,Excellent,7700,12700,18600.0,Asia
HB-1209,2022-05-17 11:01:04.478930688,New York,Hermès,Kelly Sellier,Togo,GHW,28,2015,Very Good,7100,12200,10000.0,Europe
HB-1210,2021-11-27 16:54:19.364138240,Geneva,Hermès,Birkin,Epsom,PHW,40,2014,Excellent,12900,24000,42100.0,Asia
HB-1211,2026-01-29 22:25:44.704747008,Geneva,Hermès,Birkin,Ostrich,GHW,28,2014,Pristine,11100,22500,19500.0,US
HB-1212,2022-01-16 06:52:35.245667072,New York,Hermès,Kelly,Chèvre,GHW,28,2020,Very Good,14100,27200,22000.0,US
HB-1213,2026-02-10 22:50:58.323158016,Hong Kong,Hermès,Birkin,Togo,PHW,35,2016,Very Good,10800,17700,13200.0,Europe
HB-1214,2025-01-20 14:13:01.914102016,New York,Hermès,Kelly Sellier,Porosus crocodile,GHW,35,2024,Very Good,15700,29600,42400.0,Asia
HB-1215,2024-06-01 06:43:36.015371264,New York,Hermès,Kelly,Niloticus crocodile,PHW,28,2015,Excellent,10500,18000,24700.0,US
HB-1216,2024-08-08 12:47:22.243251456,Hong Kong,Hermès,Kelly Sellier,Niloticus crocodile,PHW,30,2024,Very Good,15400,30100,38400.0,Asia
HB-1217,2022-10-08 01:10:36.523832576,New York,Hermès,Birkin Sellier,Togo,GHW,35,2021,Very Good,16100,32200,22900.0,US
HB-1218,2024-06-11 22:43:42.187706368,Geneva,Hermès,Birkin,Togo,PHW,35,2015,Very Good,6400,12100,11300.0,Europe
HB-1219,2021-12-30 07:16:07.291949568,Geneva,Hermès,Birkin,Himalaya Niloticus,PHW,30,2014,Excellent,3700,7000,9300.0,Asia
HB-1220,2025-12-30 18:35:40.276177408,Hong Kong,Hermès,Birkin,Epsom,GHW,30,2018,Very Good,23400,41200,45500.0,US
HB-1221,2022-08-11 06:57:22.138270464,Hong Kong,Hermès,Kelly Sellier,Clemence,Diamond,35,2017,Very Good,11500,20900,37400.0,US
HB-1222,2022-05-12 14:13:51.132567296,Hong Kong,Hermès,Birkin,Epsom,GHW,35,2017,Good,3900,7800,,Asia
HB-1223,2024-10-15 22:08:50.376695808,Geneva,Hermès,Birkin,Ostrich,GHW,35,2019,Excellent,6800,13100,7000.0,Asia
HB-1224,2024-07-01 10:46:51.342826752,New York,Hermès,Birkin,Himalaya Niloticus,Diamond,32,2015,Excellent,15300,28300,54300.0,Europe
HB-1225,2023-05-29 05:27:52.856300544,New York,Hermès,Birkin,Clemence,PHW,28,2015,Very Good,8600,15200,15800.0,Asia
HB-1226,2024-05-15 17:46:08.201994496,Hong Kong,Hermès,Kelly Sellier,Himalaya Niloticus,PHW,35,2021,Excellent,7500,12300,28500.0,Asia
HB-1227,2021-11-07 08:57:51.924668416,New York,Hermès,Birkin,Togo,PHW,35,2024,Very Good,21600,36100,41300.0,US
HB-1228,2024-08-03 07:07:30.968043264,New York,Hermès,Mini Kelly,Chèvre,PHW,35,2017,Excellent,5600,9500,7400.0,US
HB-1229,2022-06-11 14:36:06.870226688,New York,Hermès,Birkin,Ostrich,GHW,25,2024,Excellent,6400,11500,10900.0,Europe
HB-1230,2022-06-15 22:31:53.236910080,Hong Kong,Hermès,Kelly,Togo,PHW,28,2017,Very Good,11200,23100,22800.0,US
HB-1231,2021-11-12 14:27:06.053812224,New York,Hermès,Birkin Sellier,Togo,GHW,35,2017,Pristine,12400,22800,20100.0,Other
HB-1232,2022-10-09 19:20:30.173024512,New York,Hermès,Birkin,Epsom,PHW,25,2014,Pristine,13100,22500,26800.0,Asia
HB-1233,2022-10-07 14:44:58.274809088,New York,Hermès,Kelly Sellier,Himalaya Niloticus,PHW,40,2018,Very Good,16500,27200,,US
HB-1234,2023-06-03 19:58:35.625154048,New York,Hermès,Mini Kelly,Chèvre,Permabrass,30,2019,Very Good,11200,19700,17300.0,US
HB-1235,2022-01-06 13:21:09.165373952,Geneva,Hermès,Kelly Sellier,Himalaya Niloticus,PHW,35,2021,Very Good,13100,26100,30300.0,US
HB-1236,2022-01-11 14:13:26.287532544,New York,Hermès,Birkin,Porosus crocodile,PHW,35,2015,Excellent,8700,15500,15900.0,Europe
HB-1237,2023-11-21 05:21:29.703453952,Hong Kong,Hermès,Birkin,Epsom,PHW,30,2016,Pristine,10400,20400,21000.0,Asia
HB-1238,2021-09-08 19:05:25.107827456,Hong Kong,Hermès,Kelly,Niloticus crocodile,GHW,30,2018,Good,10600,21100,16100.0,Asia
HB-1239,2024-09-02 14:14:45.099997952,New York,Hermès,Birkin,Togo,GHW,32,2014,Pristine,11300,18600,18400.0,Asia
HB-1240,2026-01-11 22:06:23.638632192,Hong Kong,Hermès,Kelly,Togo,GHW,32,2015,Pristine,15300,28900,26700.0,Asia
HB-1241,2023-04-11 13:03:45.771167232,Hong Kong,Hermès,Kelly,Porosus crocodile,PHW,30,2020,Excellent,13600,28000,,Europe
HB-1242,2025-10-20 13:13:21.163401216,Hong Kong,Hermès,Kelly,Niloticus crocodile,PHW,32,2024,Excellent,10200,18400,21500.0,Other
HB-1243,2021-07-11 07:46:41.058992640,New York,Hermès,Kelly Sellier,Clemence,GHW,35,2020,Very Good,6400,10400,10100.0,Asia
HB-1244,2021-03-25 14:17:34.904227584,New York,Hermès,Kelly,Chèvre,GHW,30,2015,Very Good,10400,21200,,Europe
HB-1245,2024-11-04 18:48:43.399462912,Geneva,Hermès,Birkin,Ostrich,GHW,28,2024,Very Good,9800,19900,,Europe
HB-1246,2025-01-20 22:45:05.560300032,Hong Kong,Hermès,Birkin,Porosus crocodile,GHW,30,2019,Pristine,11100,20600,17900.0,Asia
HB-1247,2025-06-29 14:11:31.509831936,Geneva,Hermès,Kelly,Ostrich,GHW,30,2021,Excellent,33700,62800,55800.0,Asia
HB-1248,2021-04-21 13:36:46.267173888,Geneva,Hermès,Birkin Sellier,Epsom,PHW,28,2016,Excellent,7500,12800,12900.0,US
HB-1249,2025-02-20 20:40:01.540933632,New York,Hermès,Birkin,Clemence,PHW,28,2020,Pristine,12600,25100,28300.0,Europe
HB-1250,2023-01-03 17:51:53.915513600,Hong Kong,Hermès,Birkin Sellier,Epsom,GHW,32,2014,Excellent,18000,33100,36000.0,Other
HB-1251,2022-08-14 07:04:50.868441856,Hong Kong,Hermès,Kelly Sellier,Ostrich,PHW,30,2020,Excellent,10600,17100,12600.0,US
HB-1252,2021-12-03 16:54:33.200702464,Hong Kong,Hermès,Kelly Sellier,Porosus crocodile,GHW,40,2016,Pristine,36200,69700,74700.0,Europe
HB-1253,2026-04-23 05:55:11.374710272,New York,Hermès,Kelly,Epsom,GHW,28,2024,Excellent,8100,16700,,Europe
HB-1254,2021-05-04 21:20:39.391973632,New York,Hermès,Birkin,Clemence,GHW,25,2014,Very Good,12000,23900,21700.0,US
HB-1255,2025-05-29 08:34:56.331307264,Hong Kong,Hermès,Birkin,Clemence,Permabrass,35,2021,Pristine,6400,11200,13100.0,Asia
HB-1256,2024-05-29 10:56:53.214538496,Hong Kong,Hermès,Kelly,Niloticus crocodile,GHW,35,2015,Excellent,8200,13400,13700.0,Europe
HB-1257,2024-12-01 11:11:49.447702528,Hong Kong,Hermès,Birkin,Porosus crocodile,Permabrass,30,2021,Very Good,11500,23500,24800.0,Other
HB-1258,2024-10-17 00:02:10.927779328,New York,Hermès,Kelly,Togo,GHW,28,2019,Very Good,15900,32600,30200.0,US
HB-1259,2025-07-29 12:19:27.087088384,New York,Hermès,Kelly,Togo,Permabrass,28,2024,Very Good,11900,22100,19500.0,Asia
HB-1260,2021-12-24 15:49:29.390014976,Geneva,Hermès,Birkin,Chèvre,PHW,30,2021,Excellent,20000,38100,35600.0,Asia
HB-1261,2021-01-02 14:30:46.456729600,New York,Hermès,Birkin,Togo,GHW,30,2018,Very Good,9500,17300,10400.0,US
HB-1262,2024-03-10 17:40:28.388196096,New York,Hermès,Birkin,Porosus crocodile,GHW,30,2014,Excellent,8300,15000,18100.0,Asia
HB-1263,2022-11-20 14:36:50.007445248,Hong Kong,Hermès,Kelly Sellier,Clemence,PHW,25,2020,Excellent,44200,73300,111400.0,US
HB-1264,2021-08-29 21:21:48.644981248,New York,Hermès,Kelly,Togo,PHW,30,2018,Pristine,12400,20500,27000.0,US
HB-1265,2021-12-29 05:25:27.738063616,Hong Kong,Hermès,Birkin,Himalaya Niloticus,Permabrass,40,2014,Excellent,6700,11500,17600.0,Asia
HB-1266,2022-10-08 14:01:11.600743936,New York,Hermès,Kelly Sellier,Togo,GHW,32,2020,Excellent,6800,13700,14900.0,Asia
HB-1267,2021-05-17 16:10:45.674013440,Hong Kong,Hermès,Birkin Sellier,Clemence,PHW,30,2016,Excellent,6000,9900,13200.0,Asia
HB-1268,2021-04-21 18:04:27.091945728,Geneva,Hermès,Birkin Sellier,Togo,PHW,28,2016,Very Good,16700,28600,37400.0,Europe
HB-1269,2025-11-18 14:05:24.740500224,Geneva,Hermès,Mini Kelly,Togo,PHW,30,2014,Excellent,8200,15200,13400.0,Asia
HB-1270,2022-08-31 08:26:48.500934144,Hong Kong,Hermès,Birkin,Togo,PHW,30,2018,Excellent,10700,18300,,US
HB-1271,2026-03-27 10:06:08.981302784,New York,Hermès,Birkin,Togo,Permabrass,35,2016,Pristine,9700,16200,21000.0,US
HB-1272,2026-02-20 15:47:48.325426688,Hong Kong,Hermès,Kelly,Togo,PHW,35,2014,Excellent,15000,28000,26300.0,US
HB-1273,2021-10-05 10:38:57.011299840,Hong Kong,Hermès,Birkin,Togo,PHW,35,2018,Excellent,6300,11200,9000.0,Asia
HB-1274,2024-10-23 05:49:28.712869376,Hong Kong,Hermès,Kelly,Chèvre,GHW,40,2016,Excellent,5500,10500,11400.0,US
HB-1275,2024-03-15 03:59:29.550446336,Hong Kong,Hermès,Birkin,Ostrich,PHW,40,2015,Excellent,11300,23100,25000.0,US
HB-1276,2024-09-05 23:58:51.248291072,Hong Kong,Hermès,Birkin,Epsom,PHW,40,2019,Very Good,13900,23300,24300.0,US
HB-1277,2021-07-07 04:30:16.072833792,Hong Kong,Hermès,Birkin,Clemence,GHW,25,2014,Good,12000,24500,18200.0,Asia
HB-1278,2022-01-02 22:30:35.685174272,Hong Kong,Hermès,Birkin Sellier,Epsom,GHW,28,2024,Excellent,6400,13000,,Asia
HB-1279,2021-05-30 03:19:55.359847168,New York,Hermès,Birkin,Porosus crocodile,Diamond,30,2019,Very Good,14500,29000,56000.0,Europe
HB-1280,2024-03-21 15:29:02.113649152,Hong Kong,Hermès,Birkin,Porosus crocodile,GHW,32,2024,Very Good,6600,12600,9700.0,Europe
HB-1281,2026-04-04 21:44:58.583241472,Hong Kong,Hermès,Kelly Sellier,Togo,GHW,25,2023,Good,7500,14200,10300.0,Asia
HB-1282,2024-07-31 16:21:57.048395264,New York,Hermès,Birkin,Togo,GHW,35,2024,Very Good,6000,11300,9700.0,US
HB-1283,2024-10-15 03:24:24.233991168,Geneva,Hermès,Birkin,Clemence,Permabrass,32,2019,Very Good,20500,39500,38500.0,Asia
HB-1284,2026-04-01 00:03:35.208854528,Hong Kong,Hermès,Birkin,Clemence,GHW,30,2018,Good,14200,22800,13000.0,US
HB-1285,2024-08-12 09:51:05.853742336,New York,Hermès,Birkin,Chèvre,Diamond,28,2021,Very Good,13900,28700,28900.0,Asia
HB-1286,2021-03-20 04:38:24.604944384,Hong Kong,Hermès,Birkin,Epsom,GHW,30,2014,Excellent,19900,37400,23100.0,Asia
HB-1287,2025-08-15 04:37:46.496663552,Hong Kong,Hermès,Kelly,Togo,Permabrass,28,2023,Pristine,47000,92800,94000.0,Asia
HB-1288,2022-12-11 15:56:05.545864704,Hong Kong,Hermès,Birkin,Clemence,PHW,35,2017,Pristine,3900,7000,6800.0,US
HB-1289,2021-01-09 11:47:54.885203712,New York,Hermès,Kelly Sellier,Chèvre,GHW,32,2014,Excellent,6700,10700,10400.0,Asia
HB-1290,2023-09-15 01:51:54.103682048,Geneva,Hermès,Mini Kelly,Togo,PHW,35,2016,Excellent,7100,13100,14900.0,Europe
HB-1291,2025-12-29 10:20:54.963330048,New York,Hermès,Birkin,Porosus crocodile,GHW,30,2016,Excellent,6300,11500,10700.0,Europe
HB-1292,2022-05-16 18:22:20.693116160,Hong Kong,Hermès,Birkin,Togo,GHW,30,2014,Excellent,5500,10000,9900.0,Asia
HB-1293,2023-08-15 11:37:52.443335424,New York,Hermès,Birkin,Himalaya Niloticus,Diamond,30,2021,Excellent,8500,15000,35200.0,Asia
HB-1294,2021-12-05 04:04:32.761159680,Hong Kong,Hermès,Kelly,Togo,Diamond,35,2015,Very Good,5100,8800,13200.0,US
HB-1295,2021-04-23 06:28:42.735033856,Hong Kong,Hermès,Birkin,Porosus crocodile,PHW,35,2023,Pristine,12000,22300,30800.0,Asia
HB-1296,2021-06-06 17:46:16.288641280,Hong Kong,Hermès,Kelly Sellier,Lizard,GHW,28,2018,Excellent,10300,18300,15700.0,Asia
HB-1297,2024-11-15 18:19:02.467268864,Hong Kong,Hermès,Kelly Sellier,Himalaya Niloticus,GHW,35,2021,Very Good,13000,26900,39800.0,US
HB-1298,2025-08-09 11:44:02.693548800,Hong Kong,Hermès,Kelly Sellier,Porosus crocodile,PHW,28,2017,Very Good,13200,22300,30400.0,Asia
HB-1299,2021-10-06 20:37:44.358414080,Hong Kong,Hermès,Kelly,Niloticus crocodile,PHW,35,2015,Good,13900,24400,22000.0,Europe
HB-1300,2022-07-16 01:37:49.407672576,New York,Hermès,Mini Kelly,Ostrich,PHW,28,2015,Very Good,8100,14200,,Asia
HB-1301,2022-01-15 12:39:22.524782336,Geneva,Hermès,Birkin,Niloticus crocodile,GHW,30,2021,Very Good,32100,59800,70500.0,Asia
HB-1302,2021-02-22 06:16:19.940058880,Hong Kong,Hermès,Birkin Sellier,Togo,GHW,35,2021,Excellent,11400,20900,17200.0,Asia
HB-1303,2023-12-13 23:27:31.317126144,Geneva,Hermès,Birkin,Chèvre,Diamond,28,2016,Excellent,3600,6900,,Asia
HB-1304,2024-09-24 01:09:54.122791168,Geneva,Hermès,Mini Kelly,Epsom,GHW,30,2017,Excellent,5800,11800,12800.0,Asia
HB-1305,2024-06-14 18:28:11.522122752,Geneva,Hermès,Kelly,Porosus crocodile,Diamond,30,2024,Very Good,3800,6700,10500.0,US
HB-1306,2023-01-26 03:39:10.343535104,Hong Kong,Hermès,Kelly Sellier,Epsom,PHW,28,2023,Good,10100,19500,14800.0,Asia
HB-1307,2023-12-17 01:11:54.694958336,Hong Kong,Hermès,Birkin,Epsom,GHW,35,2018,Excellent,9400,15100,13400.0,Asia
HB-1308,2021-07-03 02:48:50.461697536,New York,Hermès,Mini Kelly,Ostrich,PHW,35,2016,Excellent,7700,13300,14100.0,US
HB-1309,2021-10-28 06:36:03.165207296,Hong Kong,Hermès,Birkin Sellier,Clemence,GHW,35,2017,Excellent,30200,55100,52800.0,Europe
HB-1310,2025-12-19 06:32:09.281769216,Hong Kong,Hermès,Birkin Sellier,Togo,GHW,30,2019,Pristine,13500,21800,,US
HB-1311,2025-01-21 21:27:28.275049728,Hong Kong,Hermès,Mini Kelly,Epsom,Permabrass,30,2020,Pristine,14900,28300,36200.0,Asia
HB-1312,2025-12-01 15:36:24.233106944,Geneva,Hermès,Birkin,Epsom,GHW,28,2016,Pristine,6000,11500,10500.0,Asia
HB-1313,2025-11-19 20:38:09.626130432,New York,Hermès,Birkin,Clemence,PHW,28,2014,Good,5800,11300,7100.0,Asia
HB-1314,2024-06-17 17:13:58.041839616,New York,Hermès,Kelly,Clemence,PHW,28,2019,Excellent,10200,18900,14200.0,Asia
HB-1315,2025-12-12 08:27:28.157149952,Hong Kong,Hermès,Birkin,Clemence,PHW,35,2022,Very Good,11000,20800,15700.0,Other
HB-1316,2023-03-22 21:44:54.349308160,New York,Hermès,Birkin,Clemence,PHW,35,2015,Very Good,3600,6400,4300.0,Asia
HB-1317,2021-01-08 00:53:35.147169280,New York,Hermès,Birkin,Clemence,GHW,35,2018,Pristine,9100,14700,,Asia
HB-1318,2021-05-02 18:19:17.020124416,New York,Hermès,Birkin,Ostrich,GHW,30,2015,Pristine,10100,16600,24200.0,Asia
HB-1319,2021-08-02 01:29:45.814311168,Hong Kong,Hermès,Kelly Sellier,Clemence,GHW,30,2016,Very Good,8900,17000,21700.0,US
HB-1320,2021-07-05 13:23:15.638828288,Hong Kong,Hermès,Kelly,Himalaya Niloticus,Permabrass,30,2020,Excellent,6400,13300,14200.0,US
